{
    "model": "CatBoost",
    "accuracy": 0.6326530612244898,
    "precision": 0.667296681839933,
    "recall": 0.6326530612244898,
    "f1_score": 0.6334910060710074,
    "classification_report": {
        "black": {
            "precision": 0.6521739130434783,
            "recall": 0.5357142857142857,
            "f1-score": 0.5882352941176471,
            "support": 28.0
        },
        "gamble": {
            "precision": 0.6666666666666666,
            "recall": 0.8,
            "f1-score": 0.7272727272727272,
            "support": 30.0
        },
        "scam": {
            "precision": 0.8260869565217391,
            "recall": 0.5428571428571428,
            "f1-score": 0.6551724137931034,
            "support": 35.0
        },
        "sex": {
            "precision": 0.6666666666666666,
            "recall": 0.5517241379310345,
            "f1-score": 0.6037735849056604,
            "support": 29.0
        },
        "white": {
            "precision": 0.4634146341463415,
            "recall": 0.76,
            "f1-score": 0.5757575757575758,
            "support": 25.0
        },
        "accuracy": 0.6326530612244898,
        "macro avg": {
            "precision": 0.6550017674089784,
            "recall": 0.6380591133004925,
            "f1-score": 0.6300423191693427,
            "support": 147.0
        },
        "weighted avg": {
            "precision": 0.667296681839933,
            "recall": 0.6326530612244898,
            "f1-score": 0.6334910060710074,
            "support": 147.0
        }
    }
}