{
    "accuracy": 0.6074074074074074,
    "precision": 0.6428141943423249,
    "recall": 0.6074074074074074,
    "f1_score": 0.6078761214890416,
    "classification_report": {
        "black": {
            "precision": 0.5789473684210527,
            "recall": 0.39285714285714285,
            "f1-score": 0.46808510638297873,
            "support": 28.0
        },
        "gamble": {
            "precision": 0.9,
            "recall": 0.5294117647058824,
            "f1-score": 0.6666666666666667,
            "support": 17.0
        },
        "scam": {
            "precision": 0.7586206896551724,
            "recall": 0.7333333333333333,
            "f1-score": 0.7457627118644068,
            "support": 30.0
        },
        "sex": {
            "precision": 0.64,
            "recall": 0.5925925925925926,
            "f1-score": 0.6153846153846153,
            "support": 27.0
        },
        "white": {
            "precision": 0.46153846153846156,
            "recall": 0.7272727272727273,
            "f1-score": 0.5647058823529413,
            "support": 33.0
        },
        "accuracy": 0.6074074074074074,
        "macro avg": {
            "precision": 0.6678213039229374,
            "recall": 0.5950935121523356,
            "f1-score": 0.6121209965303218,
            "support": 135.0
        },
        "weighted avg": {
            "precision": 0.6428141943423249,
            "recall": 0.6074074074074074,
            "f1-score": 0.6078761214890416,
            "support": 135.0
        }
    }
}