{
    "predicted_label": "black",
    "predicted_probabilities": {
        "black": 0.2506860389912045,
        "gamble": 0.13647261934350052,
        "scam": 0.16924190399583705,
        "sex": 0.23436798521936192,
        "white": 0.20923145245009597
    }
}