{
    "predicted_label": "sex",
    "predicted_probabilities": {
        "black": 0.16822485318830566,
        "gamble": 0.10541675195103856,
        "scam": 0.09375715437930651,
        "sex": 0.4924176507012932,
        "white": 0.14018358978005616
    },
    "model_probabilities": {
        "rf": {
            "black": 0.18827435245913507,
            "gamble": 0.028819264069264067,
            "scam": 0.003607142857142858,
            "sex": 0.7561325739477914,
            "white": 0.023166666666666665
        },
        "cnn": {
            "black": 0.1994742453098297,
            "gamble": 0.2140427976846695,
            "scam": 0.2030351459980011,
            "sex": 0.17534640431404114,
            "white": 0.2081013321876526
        },
        "tabnet": {
            "black": 0.210365429520607,
            "gamble": 0.26506027579307556,
            "scam": 0.07103118300437927,
            "sex": 0.35209232568740845,
            "white": 0.10145080834627151
        },
        "catboost": {
            "black": 0.20293923790470667,
            "gamble": 0.20616108266058,
            "scam": 0.1911441871324999,
            "sex": 0.2037620517305401,
            "white": 0.19599344057167326
        },
        "mlp": {
            "black": 0.23118191957473755,
            "gamble": 0.19307775795459747,
            "scam": 0.18184903264045715,
            "sex": 0.21526257693767548,
            "white": 0.17862871289253235
        },
        "transformer": {
            "black": 0.30601146817207336,
            "gamble": 0.1573011428117752,
            "scam": 0.2609212100505829,
            "sex": 0.20576909184455872,
            "white": 0.06999703496694565
        }
    }
}