{
    "predicted_label": "sex",
    "predicted_probabilities": {
        "black": 0.23298803074460175,
        "gamble": 0.1374032108025419,
        "scam": 0.18015021887687538,
        "sex": 0.2757440172760414,
        "white": 0.17371452229993953
    },
    "model_probabilities": {
        "cnn": {
            "black": 0.23041802644729614,
            "gamble": 0.18027888238430023,
            "scam": 0.20146241784095764,
            "sex": 0.19970177114009857,
            "white": 0.18813897669315338
        },
        "transformer": {
            "black": 0.19150269031524658,
            "gamble": 0.1515086442232132,
            "scam": 0.16097089648246765,
            "sex": 0.2580828070640564,
            "white": 0.23793497681617737
        },
        "mlp": {
            "black": 0.20932501554489136,
            "gamble": 0.21459335088729858,
            "scam": 0.16485175490379333,
            "sex": 0.19901473820209503,
            "white": 0.2122151404619217
        },
        "tabnet": {
            "black": 0.210365429520607,
            "gamble": 0.26506027579307556,
            "scam": 0.07103118300437927,
            "sex": 0.35209232568740845,
            "white": 0.10145080834627151
        },
        "rf": {
            "black": 0.18827435245913507,
            "gamble": 0.028819264069264067,
            "scam": 0.003607142857142858,
            "sex": 0.7561325739477914,
            "white": 0.023166666666666665
        },
        "catboost": {
            "black": 0.20293923790470667,
            "gamble": 0.20616108266058,
            "scam": 0.1911441871324999,
            "sex": 0.2037620517305401,
            "white": 0.19599344057167326
        }
    }
}