{
    "model": "TabNet",
    "accuracy": 0.5578231292517006,
    "precision": 0.5958279957004446,
    "recall": 0.5578231292517006,
    "f1_score": 0.5506996978577433,
    "classification_report": {
        "black": {
            "precision": 0.8571428571428571,
            "recall": 0.42857142857142855,
            "f1-score": 0.5714285714285714,
            "support": 28.0
        },
        "gamble": {
            "precision": 0.5476190476190477,
            "recall": 0.7666666666666667,
            "f1-score": 0.6388888888888888,
            "support": 30.0
        },
        "scam": {
            "precision": 0.65625,
            "recall": 0.6,
            "f1-score": 0.626865671641791,
            "support": 35.0
        },
        "sex": {
            "precision": 0.4318181818181818,
            "recall": 0.6551724137931034,
            "f1-score": 0.5205479452054794,
            "support": 29.0
        },
        "white": {
            "precision": 0.4666666666666667,
            "recall": 0.28,
            "f1-score": 0.35000000000000003,
            "support": 25.0
        },
        "accuracy": 0.5578231292517006,
        "macro avg": {
            "precision": 0.5918993506493506,
            "recall": 0.5460821018062397,
            "f1-score": 0.5415462154329461,
            "support": 147.0
        },
        "weighted avg": {
            "precision": 0.5958279957004446,
            "recall": 0.5578231292517006,
            "f1-score": 0.5506996978577433,
            "support": 147.0
        }
    }
}